{
	"U2001":{
		"indice": 93.103347825136595,
		"repas":2527,
		"name": "U2001"
	},
	"U7808":{
		"indice": 92.394140794014888,
		"repas":2049,
		"name": "U7808"
	},
	"U2401":{
		"indice": 92.248658391640816,
		"repas":2733,
		"name": "U2401"
	},
	"U7103":{
		"indice": 91.819834934547814,
		"repas":3885,
		"name": "U7103"
	},
	"U0202":{
		"indice": 91.774571216410649,
		"repas":3447,
		"name": "U0202"
	}

}