{
	"U0804":{
		"indice": 70.656179593189805,
		"repas":9974,
		"name": "U0804"
	},
	"U4503":{
		"indice": 70.75,
		"repas":4473,
		"name": "U4503"
	},
	"U1603":{
		"indice": 75.966314663085001,
		"repas":1135,
		"name": "U1603"
	},
	"U0608":{
		"indice": 79.180598493182927,
		"repas":4571,
		"name": "U0608"
	},
	"U3502":{
		"indice": 80.535476942228257,
		"repas":10309,
		"name": "U3502"
	}

}